<profile version="1.0">
  <option name="myName" value="Default" />
  <inspection_tool class="DjangoUnresolvedUrlInspection" enabled="true" level="WEAK WARNING" enabled_by_default="true" />
  <inspection_tool class="HtmlNonExistentInternetResource" enabled="true" level="WARNING" enabled_by_default="true" />
  <inspection_tool class="InconsistentLineSeparators" enabled="true" level="WARNING" enabled_by_default="true" />
  <inspection_tool class="LongLine" enabled="true" level="WARNING" enabled_by_default="true" />
  <inspection_tool class="ProblematicWhitespace" enabled="true" level="WARNING" enabled_by_default="true" />
  <inspection_tool class="PyArgumentEqualDefaultInspection" enabled="true" level="WEAK WARNING" enabled_by_default="true" />
  <inspection_tool class="PyAugmentAssignmentInspection" enabled="true" level="WEAK WARNING" enabled_by_default="true" />
  <inspection_tool class="PyBehaveInspection" enabled="true" level="WARNING" enabled_by_default="true" />
  <inspection_tool class="PyClassicStyleClassInspection" enabled="true" level="WARNING" enabled_by_default="true" />
  <inspection_tool class="PyMissingTypeHintsInspection" enabled="true" level="WEAK WARNING" enabled_by_default="true" />
  <inspection_tool class="PyPackageRequirementsInspection" enabled="true" level="WARNING" enabled_by_default="true">
    <option name="ignoredPackages">
      <value>
        <list size="4">
          <item index="0" class="java.lang.String" itemvalue="tqdm" />
          <item index="1" class="java.lang.String" itemvalue="scipy" />
          <item index="2" class="java.lang.String" itemvalue="numpy" />
          <item index="3" class="java.lang.String" itemvalue="Pillow" />
        </list>
      </value>
    </option>
  </inspection_tool>
  <inspection_tool class="SSBasedInspection" enabled="true" level="WARNING" enabled_by_default="true" />
  <inspection_tool class="SpellCheckingInspection" enabled="false" level="TYPO" enabled_by_default="false">
    <option name="processCode" value="true" />
    <option name="processLiterals" value="true" />
    <option name="processComments" value="true" />
  </inspection_tool>
  <inspection_tool class="TodoComment" enabled="true" level="WARNING" enabled_by_default="true" />
</profile>