<application>
  <component name="FileTypeManager" version="17">
    <ignoreFiles list="*$py.class;*.hprof;*.pyc;*.pyo;*.rbc;*.yarb;*~;.DS_Store;.git;.hg;.svn;CVS;__pycache__;_svn;vssver.scc;vssver2.scc;" />
    <extensionMap>
      <mapping pattern="ghj" type="Bash" />
      <mapping pattern=".gitignore_global" type="Git file" />
      <mapping pattern="fix-permissions" type="Jest Snapshot" />
      <mapping pattern="CNAME" type="PLAIN_TEXT" />
      <mapping pattern="LICENSE" type="PLAIN_TEXT" />
      <mapping pattern="urls_foto" type="PLAIN_TEXT" />
      <mapping pattern=".particleBox.py.swp" type="PLAIN_TEXT" />
      <mapping pattern=".gitkeep" type="PLAIN_TEXT" />
      <mapping ext="pstat" type="PLAIN_TEXT" />
      <mapping ext="001txt" type="PLAIN_TEXT" />
      <mapping ext="conf" type="PLAIN_TEXT" />
      <mapping ext="wav" type="PLAIN_TEXT" />
      <mapping pattern="q_3.py" type="Python" />
      <mapping pattern="InitialPositions" type="Python" />
      <mapping pattern="logging" type="Python" />
      <mapping ext="__py" type="Python" />
    </extensionMap>
  </component>
</application>