<application>
  <component name="ProjectJdkTable">
    <jdk version="2">
      <name value="Python 2.7.12 (/Library/Frameworks/Python.framework/Versions/2.7/bin/python2.7)" />
      <type value="Python SDK" />
      <version value="Python 2.7.14" />
      <homePath value="/Library/Frameworks/Python.framework/Versions/2.7/bin/python2.7" />
      <roots>
        <classPath>
          <root type="composite">
            <root url="file:///Library/Frameworks/Python.framework/Versions/2.7/lib/python2.7" type="simple" />
            <root url="file:///Library/Frameworks/Python.framework/Versions/2.7/lib/python2.7/plat-darwin" type="simple" />
            <root url="file:///Library/Frameworks/Python.framework/Versions/2.7/lib/python2.7/plat-mac" type="simple" />
            <root url="file:///Library/Frameworks/Python.framework/Versions/2.7/lib/python2.7/plat-mac/lib-scriptpackages" type="simple" />
            <root url="file:///Library/Frameworks/Python.framework/Versions/2.7/lib/python2.7/lib-tk" type="simple" />
            <root url="file:///Library/Frameworks/Python.framework/Versions/2.7/lib/python2.7/lib-dynload" type="simple" />
            <root url="file:///Library/Frameworks/Python.framework/Versions/2.7/lib/python2.7/site-packages" type="simple" />
            <root url="file://$USER_HOME$/Library/Caches/PyCharm2017.3/python_stubs/-1856293957" type="simple" />
            <root url="file://$APPLICATION_HOME_DIR$/helpers/python-skeletons" type="simple" />
            <root url="file://$APPLICATION_HOME_DIR$/helpers/typeshed/stdlib/2" type="simple" />
            <root url="file://$APPLICATION_HOME_DIR$/helpers/typeshed/stdlib/2and3" type="simple" />
            <root url="file://$APPLICATION_HOME_DIR$/helpers/typeshed/third_party/2" type="simple" />
            <root url="file://$APPLICATION_HOME_DIR$/helpers/typeshed/third_party/2and3" type="simple" />
          </root>
        </classPath>
        <sourcePath>
          <root type="composite" />
        </sourcePath>
      </roots>
      <additional>
        <PATHS_ADDED_BY_USER_ROOT PATH_ADDED_BY_USER="file://$USER_HOME$/pypredef" />
      </additional>
    </jdk>
    <jdk version="2">
      <name value="Python 3.7" />
      <type value="Python SDK" />
      <version value="Python 3.7.0" />
      <homePath value="/Library/Frameworks/Python.framework/Versions/3.7/bin/python3" />
      <roots>
        <classPath>
          <root type="composite">
            <root url="file:///Library/Frameworks/Python.framework/Versions/3.7/lib/python3.7" type="simple" />
            <root url="file:///Library/Frameworks/Python.framework/Versions/3.7/lib/python3.7/lib-dynload" type="simple" />
            <root url="file://$USER_HOME$/Library/Python/3.7/lib/python/site-packages" type="simple" />
            <root url="file:///Library/Frameworks/Python.framework/Versions/3.7/lib/python3.7/site-packages" type="simple" />
            <root url="jar:///Library/Frameworks/Python.framework/Versions/3.7/lib/python3.7/site-packages/mdsea-0.1-py3.7.egg!/" type="simple" />
            <root url="file://$USER_HOME$/Library/Caches/PyCharm2019.1/python_stubs/397241524" type="simple" />
            <root url="file://$APPLICATION_HOME_DIR$/helpers/python-skeletons" type="simple" />
            <root url="file://$APPLICATION_HOME_DIR$/helpers/typeshed/stdlib/3" type="simple" />
            <root url="file://$APPLICATION_HOME_DIR$/helpers/typeshed/stdlib/2and3" type="simple" />
            <root url="file://$APPLICATION_HOME_DIR$/helpers/typeshed/third_party/3" type="simple" />
            <root url="file://$APPLICATION_HOME_DIR$/helpers/typeshed/third_party/2and3" type="simple" />
          </root>
        </classPath>
        <sourcePath>
          <root type="composite" />
        </sourcePath>
      </roots>
      <additional />
    </jdk>
    <jdk version="2">
      <name value="Python 3.6 (tiqds)" />
      <type value="Python SDK" />
      <version value="Python 3.6.8" />
      <homePath value="$USER_HOME$/anaconda3/envs/tiqds/bin/python3.6" />
      <roots>
        <classPath>
          <root type="composite">
            <root url="file://$USER_HOME$/anaconda3/envs/tiqds/lib/python3.6" type="simple" />
            <root url="file://$USER_HOME$/anaconda3/envs/tiqds/lib/python3.6/lib-dynload" type="simple" />
            <root url="file://$USER_HOME$/anaconda3/envs/tiqds/lib/python3.6/site-packages" type="simple" />
            <root url="jar://$USER_HOME$/anaconda3/envs/tiqds/lib/python3.6/site-packages/blackcellmagic-0.0.1-py3.6.egg!/" type="simple" />
            <root url="file://$USER_HOME$/Library/Caches/PyCharm2019.1/python_stubs/-1184412066" type="simple" />
            <root url="file://$APPLICATION_HOME_DIR$/helpers/python-skeletons" type="simple" />
            <root url="file://$APPLICATION_HOME_DIR$/helpers/typeshed/stdlib/3" type="simple" />
            <root url="file://$APPLICATION_HOME_DIR$/helpers/typeshed/stdlib/2and3" type="simple" />
            <root url="file://$APPLICATION_HOME_DIR$/helpers/typeshed/third_party/3" type="simple" />
            <root url="file://$APPLICATION_HOME_DIR$/helpers/typeshed/third_party/2and3" type="simple" />
          </root>
        </classPath>
        <sourcePath>
          <root type="composite" />
        </sourcePath>
      </roots>
      <additional />
    </jdk>
    <jdk version="2">
      <name value="Python 2.7 (tiqetsweb)" />
      <type value="Python SDK" />
      <homePath value="$USER_HOME$/PycharmProjects/tiqetsweb/envs/tiqetsapi/bin/python" />
      <roots>
        <classPath>
          <root type="composite">
            <root url="file://$USER_HOME$/PycharmProjects/tiqetsweb/envs/tiqetsapi/lib/python2.7" type="simple" />
            <root url="file://$USER_HOME$/PycharmProjects/tiqetsweb/envs/tiqetsapi/lib/python2.7/lib-dynload" type="simple" />
            <root url="file:///Library/Frameworks/Python.framework/Versions/2.7/lib/python2.7" type="simple" />
            <root url="file:///Library/Frameworks/Python.framework/Versions/2.7/lib/python2.7/plat-darwin" type="simple" />
            <root url="file:///Library/Frameworks/Python.framework/Versions/2.7/lib/python2.7/lib-tk" type="simple" />
            <root url="file:///Library/Frameworks/Python.framework/Versions/2.7/lib/python2.7/plat-mac" type="simple" />
            <root url="file:///Library/Frameworks/Python.framework/Versions/2.7/lib/python2.7/plat-mac/lib-scriptpackages" type="simple" />
            <root url="file://$USER_HOME$/PycharmProjects/tiqetsweb/envs/tiqetsapi/lib/python2.7/site-packages" type="simple" />
            <root url="file://$USER_HOME$/Library/Caches/PyCharm2018.3/python_stubs/-911236301" type="simple" />
            <root url="file://$APPLICATION_HOME_DIR$/helpers/python-skeletons" type="simple" />
            <root url="file://$APPLICATION_HOME_DIR$/helpers/typeshed/stdlib/2" type="simple" />
            <root url="file://$APPLICATION_HOME_DIR$/helpers/typeshed/stdlib/2and3" type="simple" />
            <root url="file://$APPLICATION_HOME_DIR$/helpers/typeshed/third_party/2" type="simple" />
            <root url="file://$APPLICATION_HOME_DIR$/helpers/typeshed/third_party/2and3" type="simple" />
          </root>
        </classPath>
        <sourcePath>
          <root type="composite" />
        </sourcePath>
      </roots>
      <additional ASSOCIATED_PROJECT_PATH="$USER_HOME$/PycharmProjects/tiqetsweb" />
    </jdk>
    <jdk version="2">
      <name value="Python 2.7 (tiqetsapi)" />
      <type value="Python SDK" />
      <version value="Python 2.7.10" />
      <homePath value="$USER_HOME$/Dev/myenvs/envs/tiqetsapi/bin/python2.7" />
      <roots>
        <classPath>
          <root type="composite">
            <root url="file://$USER_HOME$/Dev/myenvs/envs/tiqetsapi/lib/python2.7/site-packages/_pdbpp_path_hack" type="simple" />
            <root url="file://$USER_HOME$/Dev/myenvs/envs/tiqetsapi/lib/python2.7" type="simple" />
            <root url="file://$USER_HOME$/Dev/myenvs/envs/tiqetsapi/lib/python2.7/lib-dynload" type="simple" />
            <root url="file:///Library/Frameworks/Python.framework/Versions/2.7/lib/python2.7" type="simple" />
            <root url="file:///Library/Frameworks/Python.framework/Versions/2.7/lib/python2.7/plat-darwin" type="simple" />
            <root url="file:///Library/Frameworks/Python.framework/Versions/2.7/lib/python2.7/lib-tk" type="simple" />
            <root url="file:///Library/Frameworks/Python.framework/Versions/2.7/lib/python2.7/plat-mac" type="simple" />
            <root url="file:///Library/Frameworks/Python.framework/Versions/2.7/lib/python2.7/plat-mac/lib-scriptpackages" type="simple" />
            <root url="file://$USER_HOME$/Dev/myenvs/envs/tiqetsapi/lib/python2.7/site-packages" type="simple" />
            <root url="file://$USER_HOME$/Library/Caches/PyCharm2019.1/python_stubs/1950519431" type="simple" />
            <root url="file://$APPLICATION_HOME_DIR$/helpers/python-skeletons" type="simple" />
            <root url="file://$APPLICATION_HOME_DIR$/helpers/typeshed/stdlib/2" type="simple" />
            <root url="file://$APPLICATION_HOME_DIR$/helpers/typeshed/stdlib/2and3" type="simple" />
            <root url="file://$APPLICATION_HOME_DIR$/helpers/typeshed/third_party/2" type="simple" />
            <root url="file://$APPLICATION_HOME_DIR$/helpers/typeshed/third_party/2and3" type="simple" />
          </root>
        </classPath>
        <sourcePath>
          <root type="composite" />
        </sourcePath>
      </roots>
      <additional ASSOCIATED_PROJECT_PATH="$USER_HOME$/PycharmProjects/tiqetsweb" />
    </jdk>
  </component>
</application>