<code_scheme name="Default" version="173">
  <SqlCodeStyleSettings version="2">
    <option name="ALIAS_CASE" value="1" />
    <option name="KEYWORD_CASE" value="0" />
    <option name="TYPE_CASE" value="3" />
    <option name="IDENTIFIER_CASE" value="1" />
    <option name="QUOTED_IDENTIFIER_CASE" value="1" />
    <option name="QUOTE_IDENTIFIER" value="1" />
    <option name="QUERY_EL_COMMA" value="1" />
    <option name="QUERY_IN_ONE_STRING" value="1" />
  </SqlCodeStyleSettings>
</code_scheme>